,franchise,name,city,address,phone
0,KFC,KFC Европейский Фудкорт 4 этаж,Москва,"Москва, 121059, Москва, площадь Киевского Вокзала, 2, ТЦ ""Европейский"", 4 этаж",Тел.: +74994033873 
1,KFC,KFC Коньково Москва,Москва,"Москва, 117437, Москва, Профсоюзная, 118",Тел.: +79636304094 
2,KFC,KFC Азовский Москва,Москва,"Москва, 117452, Москва, Азовская, 24к3",Тел.: +79636306327 
3,KFC,KFC Багратион мост Москва,Москва,"Москва, 123317, Москва, Пресненская набережная, 4с1",Тел.: +79636305658 
4,KFC,KFC Щукинская Москва,Москва,"Москва, 123182, Москва, Щукинская, 42","Тел.: +74952408424 доб.: 6150, 9150"
5,KFC,KFC Хабарова Москва,Москва,"Москва, 142784, Московский, Хабарова, 2","Тел.: +74952408424 доб.: 6184, 9184"
6,KFC,KFC Калейдоскоп Москва,Москва,"Москва, 125363, Москва, Сходненская, 56",Тел.: +74951980928 
7,KFC,KFC Ашан Пролетарский Москва,Москва,"Москва, 115516, Москва, Пролетарский проспект, вл30","Тел.: +74952408424 доб.: 6180, 9180"
8,KFC,KFC Подсолнухи Москва,Москва,"Москва, 107370, Москва, Открытое шоссе, 9",Тел.: +79299207024 
9,KFC,KFC Бунинская Москва,Москва,"Москва, 117042, Москва, Бунинская аллея, 7","Тел.: +74952408424 доб.: 6160, 9160"
10,KFC,KFC Ростокино Фудкорт 2 этаж,Москва,"Москва, 129226, Москва, Проспект Мира, 211к2",Тел.: +74959666430 
11,KFC,KFC Киевский Москва,Москва,"Москва, 121059, Москва, площадь Киевского Вокзала, 2",Тел.: +79636300794 
12,KFC,KFC Москворечье Москва,Москва,"Москва, 125167, Москва, Каширское шоссе, 26",Тел.: +74950232556 
13,KFC,KFC Рамстор Сити Москва,Москва,"Москва, 125445, Москва, Правобережная, 1",Тел.: +79250034552 
14,KFC,KFC Марьино Москва,Москва,"Москва, 109369, Москва, Люблинская, 102А","Тел.: +74952408424 доб.: 6042, 9042"
15,KFC,KFC Атлантис Москва,Москва,"Москва, 117405, Москва, Варшавское шоссе, 160",Тел.: +79636308825 
16,KFC,KFC Панорама Москва,Москва,"Москва, 117335, Москва, Гарибальди, 23",Тел.: +74957794201 
17,KFC,KFC Сокольники Москва,Москва,"Москва, 107014, Москва, Сокольническая площадь, 9А",Тел.: +74959116962 
18,KFC,KFC Партизанская Москва,Москва,"Москва, 105187, Москва, Измайловское шоссе, 71А","Тел.: +74952120000 доб.: 5026, 5025"
19,KFC,KFC Колумбус Москва,Москва,"Москва, 117519, Москва, Кировоградская, 13А",Тел.: +74999638152 
20,KFC,KFC Саларьево Москва,Москва,"Москва, 119297, Москва, Киевское шоссе, 23 км., д. 1","Тел.: +74952408424 доб.: 6966, 9966"
21,KFC,KFC Семеновская Москва,Москва,"Москва, 105318, Москва, Семёновская площадь, 1","Тел.: +74957836990 доб.: 5034, 5033"
22,KFC,KFC Цветной Москва,Москва,"Москва, 127051, Москва, Цветной бульвар, 11с2",Тел.: +74957255646 доб.: 1135
23,KFC,KFC Никольская Москва,Москва,"Москва, 109012, Москва, Никольская, 17с1",Тел.: +79636305081 
24,KFC,KFC Пролетарская Москва,Москва,"Москва, 109044, Москва, 3-й Крутицкий переулок, 18",Тел.: +79250050572 
25,KFC,KFC Карамель Москва,Москва,"Москва, 111394, Москва, Перовская, 61А",Тел.: +74950211210 
26,KFC,KFC Авиапарк Москва,Москва,"Москва, 125252, Москва, Ходынский бульвар, 4","Тел.: +74952120000 доб.: 5086, 5085"
27,KFC,KFC Авиамоторная 2 Москва,Москва,"Москва, 111024, Москва, шоссе Энтузиастов, 20",Тел.: +74951160305 
28,KFC,KFC Сомбреро Москва,Москва,"Москва, 117405, Москва, Варшавское шоссе, 152А",Тел.: +79852261531 
29,KFC,KFC Охотный ряд  -1 этаж,Москва,"Москва, 125009, Москва, Манежная площадь, 1с2",Тел.: +74993808601 
30,KFC,KFC Новоясеневский Москва,Москва,"Москва, 117588, Москва, Новоясеневский проспект, 1к1",Тел.: +79160792437 
31,KFC,KFC Байкал Москва,Москва,"Москва, 125008, Москва, Михалковская, 4",Тел.: +74951980986 
32,KFC,KFC Текстильщики Москва,Москва,"Москва, 109125, Москва, Люблинская, 4к1",Тел.: +74993466489 
33,KFC,KFC Водный Москва,Москва,"Москва, 125212, Москва, Головинское шоссе, 5",Тел.: +79160793857 
34,KFC,KFC Тройка Москва,Москва,"Москва, 107140, Москва, Верхняя Красносельская, 3А","Тел.: +74952120000 доб.: 5114, 5113"
35,KFC,KFC Атриум Москва,Москва,"Москва, 105064, Москва, Земляной Вал, 33",Тел.: +74993228238 
36,KFC,KFC ВДНХ Москва,Москва,"Москва, 129515, Москва, 1-я Останкинская, 55","Тел.: +74952120000 доб.: 5052, 5051"
37,KFC,KFC Шелл Каскад Москва,Москва,"Москва, 111625, Москва, Каскадная, 21",Тел.: +79250753690 
38,KFC,KFC Алексеевская Москва,Москва,"Москва, 129626, Москва, проспект Мира, 112",Тел.: +79269996897 
39,KFC,KFC Выхино Москва,Москва,"Москва, 109542, Москва, Рязанский проспект, вл99Ас1",Тел.: +74993808642 доб.: 412
40,KFC,KFC Измайловское шоссе Москва,Москва,"Москва, 105187, Москва, Измайловское шоссе, 69Г",Тел.: +74999638232 
41,KFC,KFC Матвеевское Москва,Москва,"Москва, 119501, Москва, Матвеевская, 2",Тел.: +79636308840 
42,KFC,KFC Мега Теплый Стан Москва,Москва,"Москва, 142704, Москва, Калужское шоссе, 21-й километр",Тел.: +79250051058 
43,KFC,KFC Ельнинская Москва,Москва,"Москва, 121552, Москва, Ельнинская, 23",Тел.: +79636305889 
44,KFC,KFC Манежная  -3 этаж,Москва,"Москва, 125009, Москва, Манежная площадь, 1с2",Тел.: +74991132604 
45,KFC,KFC Дмитрия Донского Москва,Москва,"Москва, 117628, Москва, бульвар Дмитрия Донского, 2к1",Тел.: +79636305415 
46,KFC,KFC Фирсановское шоссе Зеленоград,Москва,"Москва, 124489, Зеленоград, Проезд 4807, 6",Тел.: +74951980929 
47,KFC,KFC Горбушка Москва,Москва,"Москва, 121309, Москва, Багратионовский проспект, 7 к2",Тел.: +79636305451 
48,KFC,KFC Домодедовский Москва,Москва,"Москва, 115582, Москва, Ореховый бульвар, 14к3",Тел.: +74951980945 
49,KFC,KFC Реал Москва,Москва,"Москва, 127273, Москва, Сигнальный проезд, 17",Тел.: +79250038615 
50,KFC,KFC Славянский Москва,Москва,"Москва, 121170, Москва, Кутузовский проспект, 57","Тел.: +74952120000 доб.: 5110, 5109"
51,KFC,KFC Филион Москва,Москва,"Москва, 121087, Москва, Багратионовский проезд, 5","Тел.: +74952408424 доб.: 6048, 9048"
52,KFC,KFC Депо Молл Москва,Москва,"Москва, 127322, Москва, Яблочкова, 21с3",Тел.: +74951980973 
53,KFC,KFC Планерная Москва,Москва,"Москва, 125481, Москва, Планерная, 7",Тел.: +74957254098 
54,KFC,KFC Мари Молл Москва,Москва,"Москва, 109469, Москва, Поречная, 10","Тел.: +74952408424 доб.: 6090, 9090"
55,KFC,KFC Тимирязевская Москва,Москва,"Москва, 127434, Москва, Дмитровское шоссе, 13к1",Тел.: +74951980974 
56,KFC,KFC Люблинская Москва,Москва,"Москва, 109341, Москва, Люблинская, 153","Тел.: +74952408424 доб.: 6014, 9014"
57,KFC,KFC Ривер Молл Москва,Москва,"Москва, 115280, Москва, Автозаводская, 18","Тел.: +74952408424 доб.: 6148, 9148"
58,KFC,KFC Братеевский Москва,Москва,"Москва, 115612, Москва, Ключевая, 6к1",Тел.: +79636305512 
59,KFC,KFC Полежаевская Москва,Москва,"Москва, 123007, Москва, Хорошёвское шоссе, 27","Тел.: +74952408424 доб.: 6164, 9164"
60,KFC,KFC Новокрюковская Зеленоград Москва,Москва,"Москва, 124617, Москва, Новокрюковская, 10","Тел.: +74952408424 доб.: 6192, 9192"
61,KFC,KFC 82 МКАД Москва,Москва,"Москва, 127253, Москва, МКАД, 82-й километр, вл18",Тел.: +79031745669 
62,KFC,KFC Карачарово Москва,Москва,"Москва, 109052, Москва, Рязанский проспект, 2с2",Тел.: +74952408424 доб.: 6054
63,KFC,KFC Юго-Западная Москва,Москва,"Москва, 119602, Москва, Покрышкина, 2",Тел.: +79853699908 
64,KFC,KFC Крестовский Москва,Москва,"Москва, 129110, Москва, ул. Проспект Мира, д. 92с1","Тел.: +74952408424 доб.: 6556, 9556"
65,KFC,KFC Новослободская Москва,Москва,"Москва, 127055, Москва, Новослободская, 11с1","Тел.: +74952408424 доб.: 6540, 9540"
66,KFC,KFC Покрышкина Москва,Москва,"Москва, 109456, Москва, Покрышкина, 4","Тел.: +74952408424 доб.: 6564, 9564"
67,KFC,KFC Фестиваль Москва,Москва,"Москва, 119602, Москва, Мичуринский Проспект, 3","Тел.: +74952408424 доб.: 6573, 9573"
68,KFC,KFC Фрунзенская Москва,Москва,"Москва, 119034, Москва, Комсомольский проспект, 24с1",Тел.: +74950211292 
69,KFC,KFC Остров Мечты Москва,Москва,"Москва, 115533, Москва, проспект Андропова, дом, 1",Тел.: +74950236394 
70,KFC,KFC Иридиум Москва,Москва,"Москва, 124575, Москва, Крюковская площадь, 1",Тел.: +79269002705 
71,KFC,KFC Ярославский 2 Москва,Москва,"Москва, 107140, Москва, Комсомольская площадь, 5",Тел.: +79636306848 
72,KFC,KFC Водолей Москва,Москва,"Москва, 115563, Москва, Ореховый бульвар, 15с1",Тел.: +74951980996 
73,KFC,KFC Мозаика Москва,Москва,"Москва, 115193, Москва, 7-я Кожуховская, 9","Тел.: +74952408424 доб.: 6084, 9084"
74,KFC,KFC Стратонавтов 9 Москва,Москва,"Москва, 125424, Москва, проезд Стратонавтов д.9, корп. 2",Тел.: +79636302742 
75,KFC,KFC ТЦ Парковый Москва,Москва,"Москва, 150007, Москва, 3-я Парковая улица, вл. 57",Тел.: +79250021516 
76,KFC,KFC Небо Солнцево Москва,Москва,"Москва, 119619, Москва, Авиаторов , д. 3А","Тел.: +74952408424 доб.: 6631, 9631"
77,KFC,KFC Пролетарский проспект Москва,Москва,"Москва, 115522, Москва, Пролетарский проспект, 2А",Тел.: +74951066955 
78,KFC,KFC Можайское Москва,Москва,"Москва, 121353, Москва, Можайское шоссе, 45А",Тел.: +74959001028 
79,KFC,KFC Гагаринский Москва,Москва,"Москва, 119334, Москва, Вавилова, 3","Тел.: +74952408424 доб.: 6545, 9545"
80,KFC,KFC Саянская Москва,Москва,"Москва, 111555, Москва, Саянская, 10а",Тел.: +79259543641 
81,KFC,KFC Кронштадтский Москва,Москва,"Москва, 125212, Москва, Кронштадтский бул., 3А",Тел.: +74993807689 
82,KFC,KFC Прайм Плаза Москва,Москва,"Москва, 117461, Москва, ул. Каховка, д. 29А",Тел.: +74950230914 
83,KFC,KFC Звёздочка Москва,Москва,"Москва, 109147, Москва, Таганская, 1с1",Тел.: +79269009813 
84,KFC,KFC Парус Москва,Москва,"Москва, 127238, Москва, Локомотивный проезд, д. 4",Тел.: +74951980951 
85,KFC,KFC Речной Москва,Москва,"Москва, 125565, Москва, Фестивальная, ул.13. к.1",Тел.: +74951980952 
86,KFC,KFC Курский 2 Москва,Москва,"Москва, 105064, Москва, Земляной Вал, 29, стр. 1",Тел.: +79636302376 
87,KFC,KFC ЦДМ Москва,Москва,"Москва, 109012, Москва, Театральный проезд, 5с1",Тел.: +74951980969 
88,KFC,KFC Волгоградский 166 Москва,Москва,"Москва, 109472, Москва, Волгоградский проспект, вл166",Тел.: +79250050492 
89,KFC,KFC Печатники Москва,Москва,"Москва, 109548, Москва, Шоссейная, 2к3",Тел.: +74993489624 
90,KFC,KFC Славич Москва,Москва,"Москва, 107258, Москва, Бульвар Маршала Рокоссовского, д 31",Тел.: +79299318612 
91,KFC,KFC Пресненский Вал Москва,Москва,"Москва, 123022, Москва, Пресненский Вал, 6с2",Тел.: +79636300790 
92,KFC,KFC Войковская Москва,Москва,"Москва, 125171, Москва, Ленинградское шоссе, 14с1",Тел.: +74951980949 
93,KFC,KFC Братиславская 12 Москва,Москва,"Москва, 109451, Москва, Братиславская, 12",Тел.: +79250051567 
94,KFC,KFC Савеловский Москва,Москва,"Москва, 127015, Москва, площадь Савёловского Вокзала, 2",Тел.: +79636300402 
95,KFC,KFC Пражская Москва,Москва,"Москва, 117519, Москва, Красного Маяка, 2Б",Тел.: +74999638186 
96,KFC,KFC Черемушки 2 Москва,Москва,"Москва, 117393, Москва, Профсоюзная, 56",Тел.: +79636304990 
97,KFC,KFC Шоссейная Москва,Москва,"Москва, 109548, Москва, Шоссейная ул., 34",Тел.: +74951980954 
98,KFC,KFC Ленинградский вокзал Москва,Москва,"Москва, 107140, Москва, Комсомольская площадь, 3",Тел.: +79636305117 
99,KFC,KFC Севастопольский Москва,Москва,"Москва, 117152, Москва, Севастопольский проспект, 11Е","Тел.: +74952408424 доб.: 6116, 9116"
100,KFC,KFC Бирюлевский Москва,Москва,"Москва, 115404, Москва, Бирюлевская ул., 26А",Тел.: +74951063394 
101,KFC,KFC Свиблово Москва,Москва,"Москва, 129323, Москва, ул. Снежная, д. 27","Тел.: +74952408424 доб.: 6542, 9542"
102,KFC,KFC Митино Москва,Москва,"Москва, 125430, Москва, Митинская, 40","Тел.: +74952408424 доб.: 6154, 9154"
103,KFC,KFC Дмитровская Москва,Москва,"Москва, 127015, Москва, Бутырская, 89",Тел.: +79250054471 
104,KFC,KFC Новое Бутово Москва,Москва,"Москва, 117041, Москва, Чечёрский проезд, 51","Тел.: +74952408424 доб.: 6122, 9122"
105,KFC,KFC Арфа Москва,Москва,"Москва, 125481, Москва, МКАД, 74-й километр, вл4с1","Тел.: +74952408424 доб.: 6970, 9970"
106,KFC,KFC БУМ Москва,Москва,"Москва, 109341, Москва, Перерва, 43к1","Тел.: +74952120000 доб.: 5138, 5137"
107,KFC,KFC Пятницкое шоссе Москва,Москва,"Москва, 125430, Москва, Пятницкое шоссе, 39",Тел.: +74994266420 
108,KFC,KFC Ярославский пригородные кассы,Москва,"Москва, 107140, Москва, Комсомольская площадь, 5",Тел.: +79636300446 
109,KFC,KFC Энтузиастов 63 Москва,Москва,"Москва, 105568, Москва, ш. Энтузиастов, 63Б",Тел.: +79299387747 
110,KFC,KFC Дубровка Москва,Москва,"Москва, 115088, Москва, Шарикоподшипниковская, 13с1",Тел.: +79250051596 
111,KFC,KFC Берлин Москва,Москва,"Москва, 117303, Москва, Малая Юшуньская, 1к1",Тел.: +74953198531 
112,KFC,KFC Дмитрия Ульянова Москва,Москва,"Москва, 117292, Москва, Дмитрия Ульянова, 20к1",Тел.: +79168720627 
113,KFC,KFC Мегаполис Москва,Москва,"Москва, 115432, Москва, проспект Андропова, 8",Тел.: +74951980947 
114,KFC,KFC Фестивальная Москва,Москва,"Москва, 125565, Москва, Фестивальная, 2А",Тел.: +74993228128 
115,KFC,KFC Рио Дмитровское шоссе Москва,Москва,"Москва, 127204, Москва, Дмитровское шоссе, 163А",Тел.: +74951980984 
116,KFC,KFC Радищевская Москва,Москва,"Москва, 109240, Москва, В. Радищевская, 22",Тел.: +79636308213 
117,KFC,KFC Гудзон Москва,Москва,"Москва, 115230, Москва, Каширское шоссе, 14",Тел.: +74959666471 
118,KFC,KFC Зубовский Москва,Москва,"Москва, 119021, Москва, Зубовский бульвар, 17",Тел.: +79160792837 
119,KFC,KFC Щелковская Москва,Москва,"Москва, 107241, Москва, Уральская, 1с2",Тел.: +74999638189 
120,KFC,KFC Сколково Москва,Москва,"Москва, 121205, Москва, Большой бульвар, дом 40","Тел.: +74952120000 доб.: 5077, 5078"
121,KFC,KFC Первомайская Москва,Москва,"Москва, 105077, Москва, 9-я Парковая, 30,стр. 1",Тел.: +79299187717 
122,KFC,KFC Ареал Алтуфьево Москва,Москва,"Москва, 127349, Москва, Алтуфьевское шоссе, 86к1",Тел.: +74951980933 
123,KFC,KFC Квартал Вест Москва,Москва,"Москва, 119530, Москва, Аминьевское шоссе, д. 6","Тел.: +74952408424 доб.: 6620, 9620"
124,KFC,KFC Метрополис Москва,Москва,"Москва, 125171, Москва, Ленинградское шоссе, 16Ас4","Тел.: +74952408424 доб.: 6494, 9494"
125,KFC,KFC Новогиреево Москва,Москва,"Москва, 111396, Москва, Зелёный проспект, 62А",Тел.: +74950211301 
126,KFC,KFC Румянцево Москва,Москва,"Москва, 142784, Москва, Киевское шоссе, 22-й километр, вл4блокБ","Тел.: +74952408424 доб.: 6134, 9134"
127,KFC,KFC Верхние котлы Москва,Москва,"Москва, 117105, Москва, Нагорный проезд, д. 2Б",Тел.: +74950217708 
128,KFC,KFC Речной вокзал Москва,Москва,"Москва, 125565, Москва, Фестивальная, 2Б",Тел.: +74952867221 
129,KFC,KFC Варшавка Москва,Москва,"Москва, 117556, Москва, Варшавское шоссе, 87Б",Тел.: +79269004479 
130,KFC,KFC Миклухо-Маклая 2 Москва,Москва,"Москва, 117198, Москва, Миклухо-Маклая, 11",Тел.: +79636304460 
131,KFC,KFC Дубининская Москва,Москва,"Москва, 115054, Москва, Дубининская улица, 35",Тел.: +74950210967 
132,KFC,KFC Европейский Москва 1 этаж,Москва,"Москва, 121059, Москва, площадь Киевского Вокзала, 2","Тел.: +74952408424 доб.: 6572, 9572"
133,KFC,KFC Вешняки Москва,Москва,"Москва, 111538, Москва, Вешняковская, 18",Тел.: +79253009254 
134,KFC,KFC метро Красногвардейская,Москва,"Москва, 115573, Москва, Ореховый бульвар, 45 к1",Тел.: +79636305015 
135,KFC,KFC Форт Ясенево Москва,Москва,"Москва, 117588, Москва, Новоясеневский проспект, 11",Тел.: +74999638185 
136,KFC,KFC Климентовский Москва,Москва,"Москва, 115035, Москва, Климентовский переулок, 10",Тел.: +79253447601 
137,KFC,KFC Дубнинская Москва,Москва,"Москва, 127591, Москва, Дубнинская, 30",Тел.: +74951980939 
138,KFC,KFC Проспект Вернадского 2 Москва,Москва,"Москва, 119454, Москва, проспект Вернадского, 14А",Тел.: +74950211282 
139,KFC,KFC Часовая Москва,Москва,"Москва, 125315, Москва, Часовая, 13",Тел.: +79253051378 
140,KFC,KFC Флотилия Москва,Москва,"Москва, 125581, Москва,  Флотская ул., д.7, стр. 1",Тел.: +74951980953 
141,KFC,KFC Динамо Москва,Москва,"Москва, 125167, Москва, Ленинградский проспект, вл36",Тел.: +74951980930 
142,KFC,KFC Краснопрудный Москва,Москва,"Москва, 107140, Москва, Краснопрудная, 15","Тел.: +74952408424 доб.: 6562, 9562"
143,KFC,KFC Фэвори Москва,Москва,"Москва, 109316, Москва, Волгоградский проспект, 32к1",Тел.: +79636308203 
144,KFC,KFC Глобал Молл,Москва,"Москва, 115280, Москва, Ленинская Слобода, 26с2",Тел.: +79636301389 
145,KFC,"KFC Казанский -1 этаж, подземный переход",Москва,"Москва, 107140, Москва, Комсомольская площадь, 2",Тел.: +74957255646 доб.: 1243
146,KFC,KFC Вегас Москва,Москва,"Москва, 115582, Москва, МКАД, 24-й километр",Тел.: +79250046304 
147,KFC,KFC Яр Москва,Москва,"Москва, 129337, Москва, Ярославское шоссе, 114",Тел.: +74951980902 
148,KFC,KFC Хлобыстова Москва,Москва,"Москва, 109542, Москва, Хлобыстова, 7",Тел.: +79636301214 
149,KFC,KFC Внуковское Москва,Москва,"Москва, 108811,, Москва, квартал 30,, вл. 1, с.1","Тел.: +74952120000 доб.: 5214, 5213"
150,KFC,KFC Аэропорт Москва,Москва,"Москва, 125319, Москва, Ленинградский проспект, 62а",Тел.: +74950231255 
151,KFC,KFC Ритейл Парк Москва,Москва,"Москва, 117556, Москва, Варшавское шоссе, 97",Тел.: +79250038613 
152,KFC,KFC Проспект Мира Москва,Москва,"Москва, 129090, Москва, Проспект Мира, 40","Тел.: +74952408424 доб.: 6579, 9579"
153,KFC,KFC Совхозная Москва,Москва,"Москва, 109386, Москва, Совхозная, 39","Тел.: +74952408424 доб.: 6118, 9118"
154,KFC,KFC Холодильный Москва,Москва,"Москва, 115191, Москва, Большая Тульская, д 11",Тел.: +74950230288 
155,KFC,KFC Принц Москва,Москва,"Москва, 117574, Москва, ул. Профсоюзная, 129 а",Тел.: +74959871420 
156,KFC,KFC Горчакова Москва,Москва,"Москва, 117042, Москва, Горчакова, 11","Тел.: +74952408424 доб.: 6182, 9182"
157,KFC,KFC Панфиловский Москва,Москва,"Москва, 124460, Москва, Панфиловский проспект, 6А","Тел.: +74952408424 доб.: 6082, 9082"
158,KFC,KFC Жулебино Москва,Москва,"Москва, 109156, Москва, Авиаконструктора Миля, вл7","Тел.: +74952408424 доб.: 6984, 9984"
159,KFC,KFC Савеловский 3 Москва,Москва,"Москва, 127015, Москва, площадь Савёловского Вокзала, 2с10",Тел.: +79660131421 
160,KFC,KFC Кунцево Плаза Москва,Москва,"Москва, 121552, Москва, Ярцевская, 19","Тел.: +74952120000 доб.: 5074, 5073"
161,KFC,KFC Белорусская Москва,Москва,"Москва, 123056, Москва, Грузинский Вал, 28/45",Тел.: +74952120000 доб.: 5006
162,KFC,KFC МКАД 38 Москва,Москва,"Москва, 109145, Москва, МКАД 38 км, вл.6А, стр. 1",Тел.: +79661684076 
163,KFC,KFC Миклухо-Маклая Москва,Москва,"Москва, 117485, Москва, ул. Миклухо-Маклая, 47А","Тел.: +74952408424 доб.: 6541, 9541"
164,KFC,KFC Калита Москва,Москва,"Москва, 117588, Москва, Новоясеневский проспект, вл7","Тел.: +74952408424 доб.: 6152, 9152"
165,KFC,KFC Академическая Москва,Москва,"Москва, 117447, Москва,  Большая Черёмушкинская, 1","Тел.: +74952408424 доб.: 6544, 9544"
166,KFC,KFC Бирюза Москва,Москва,"Москва, 117403, Москва, ул. Булатниковская, д.2А",Тел.: +74953243018 
167,KFC,KFC Бибирево Москва,Москва,"Москва, 127560, Москва, Пришвина, 22",Тел.: +79269007291 
168,KFC,KFC Курский 4 Москва,Москва,"Москва, 105064, Москва, улица Земляной вал, дом 29, строение 9",Тел.: +79636299805 
169,KFC,KFC 3D Москва,Москва,"Москва, 109052, Москва, Нижегородская, 50",Тел.: +79250049796 
170,KFC,KFC Наш Боровское Москва,Москва,"Москва, 109145, Москва, МКАД, 47-й километр, с20","Тел.: +74952408424 доб.: 6144, 9144"
171,KFC,KFC Шереметьевский Москва,Москва,"Москва, 129594, Москва, Шереметьевская, 60а",Тел.: +74951980985 
172,KFC,KFC Лебедянская Москва,Москва,"Москва, 115372, Москва, Бирюлёвская, 43",Тел.: +74950230294 
173,KFC,KFC Орджоникидзе Москва,Москва,"Москва, 115419, Москва, Орджоникидзе, дом 11, стр. 1А",Тел.: +74950231693 
174,KFC,KFC Серебряный Дом Москва,Москва,"Москва, 107023, Москва, Большая Семёновская, 16","Тел.: +74952408424 доб.: 6974, 9974"
175,KFC,KFC Капитолий Каширское Москва,Москва,"Москва, 115582, Москва, Каширское шоссе, 61к2","Тел.: +74952120000 доб.: 5960, 5959"
176,KFC,KFC Москворецкий рынок Москва,Москва,"Москва, 117149, Москва, Болотниковская, 12",Тел.: +74950210987 
177,KFC,KFC Трамплин Москва,Москва,"Москва, 121552, Москва, Ярцевская, 25А","Тел.: +74952408424 доб.: 6624, 9624"
178,KFC,KFC Плещеево Москва,Москва,"Москва, 127560, Москва, Плещеева, 4",Тел.: +74951980901 
179,KFC,KFC Петровский Москва,Москва,"Москва, 143026, Москва, Можайское шоссе, 39",Тел.: +74951980940 
180,KFC,KFC Солнечный Рай Москва,Москва,"Москва, 119618, Москва, Боровское шоссе, 6","Тел.: +74952408424 доб.: 6623, 9623"
181,KFC,KFC Калужская Москва,Москва,"Москва, 117420, Москва, Профсоюзная, 61",Тел.: +79636304393 
182,KFC,KFC Крымская Москва,Москва,"Москва, 117447, Москва, Севастопольский проспект, 20б",Тел.: +74950230399 
183,KFC,KFC Даниловская мануфактура Москва,Москва,"Москва, 117149, Москва, Варшавское шоссе, д. 5 стр. 2",Тел.: +74950210957 
184,KFC,KFC Кожевническая Москва,Москва,"Москва, 115114, Москва, Кожевническая, д.10, стр.1",Тел.: +74950230913 
185,KFC,KFC Марс Москва,Москва,"Москва, 127410, Москва, Инженерная, д.1",Тел.: +74951980941 
186,KFC,KFC Волгоградский Москва,Москва,"Москва, 109117, Москва, Волгоградский проспект, 119А","Тел.: +74952408424 доб.: 6064, 9064"
187,KFC,KFC Ком-Сити Москва,Москва,"Москва, 142784, Москва, Киевское шоссе, 2 Г","Тел.: +74952408424 доб.: 6050, 9050"
188,KFC,KFC Вернадского Москва,Москва,"Москва, 119334, Москва, проспект Вернадского, 6","Тел.: +74952120000 доб.: 5020, 5019"
189,KFC,KFC Сокол Москва,Москва,"Москва, 125315, Москва, Ленинградский проспект, дом 76А, ТЦ «Метромаркет»",Тел.: +74951980923 
190,KFC,KFC Народного Ополчения Москва,Москва,"Москва, 123298, Москва, Народного Ополчения, 46к1","Тел.: +74952120000 доб.: 5004, 5003"
191,KFC,KFC Совенок Москва,Москва,"Москва, 127018, Москва, Сущёвский Вал, 5с9",Тел.: +74951980994 
192,KFC,KFC Черкизовская Москва,Москва,"Москва, 107553, Москва, Окружной проезд, 2Ас1",Тел.: +74991617933 
193,KFC,KFC Шелл Ржавки Москва,Москва,"Москва, 124482, Москва, Ленинградское шоссе, 38-й километр, стр 1",Тел.: +79263975760 
194,KFC,KFC Коломенская Москва,Москва,"Москва, 115470, Москва, проспект Андропова, 23",Тел.: +79295585542 
195,KFC,KFC Чертановская Москва,Москва,"Москва, 117639, Москва, Чертановская, 1Г",Тел.: +74951980903 
196,KFC,KFC Луганская Москва,Москва,"Москва, 115516, Москва, Луганская, 10",Тел.: +79160792850 
197,KFC,KFC Заря Москва,Москва,"Москва, 107023, Москва, ул. Большая Семеновская влд.. 20 стр. 1/2",Тел.: +79259543631 
198,KFC,KFC Ресторан Будущего (Бутырская) Москва,Москва,"Москва, 127254, Москва, проезд Огородный,, д. 14","Тел.: +74952120000 доб.: 5212, 5211"
199,KFC,KFC Спектр Москва,Москва,"Москва, 117574, Москва, Новоясеневский проспект, 1",Тел.: +79250049098 
200,KFC,KFC Рамстор Беляево Москва,Москва,"Москва, 117279, Москва, Миклухо-Маклая, 32А",Тел.: +79250038614 
201,KFC,KFC Наш Ярославское шоссе Москва,Москва,"Москва, 129337, Москва, Ярославское шоссе, д. 54","Тел.: +74952408424 доб.: 6555, 9555"
202,KFC,KFC Шелл Марьино Москва,Москва,"Москва, 109469, Москва, Марьинский Парк, 12",Тел.: +79250051689 
203,KFC,KFC Парк Видное Москва,Москва,"Москва, 142703, Москва, ул. Старо-Нагорная, д. 20","Тел.: +74952408424 доб.: 6547, 9022"
204,KFC,KFC ТТК Москва,Москва,"Москва, 119334, Москва, 5-й Донской проезд, д.19, стр.2",Тел.: +79636300472 
205,KFC,KFC Перово Москва,Москва,"Москва, 111401, Москва, Зеленый проспект, д. 19",Тел.: +79259543632 
206,KFC,KFC Океан Москва,Москва,"Москва, 111539, Москва, ул. Вешняковская д 17А",Тел.: +79259543640 
207,KFC,KFC Казанский вокзал на перроне,Москва,"Москва, 107140, Москва, Комсомольская площадь, 2",Тел.: +79636300794 
208,KFC,KFC Красная Пресня Москва,Москва,"Москва, 123242, Москва, Красная Пресня, 4",Тел.: +79269962487 
209,KFC,KFC Автовокзал Москва,Москва,"Москва, 107207, Москва, Щелковское шоссе д 75",Тел.: +79259543638 
210,KFC,KFC Парк Победы Москва,Москва,"Москва, 121170, Москва, ул. Генерала Ермолова, д. 4",Тел.: +74992726819 
211,KFC,KFC Рязанский проспект Москва,Москва,"Москва, 109456, Москва, Рязанский проспект, 75к3",Тел.: +74952408424 доб.: 9563
212,KFC,KFC Елоховский Москва,Москва,"Москва, 105066, Москва, Спартаковская, 24","Тел.: +74952408424 доб.: 6565, 9565"
213,KFC,KFC Зеленый проспект Москва,Москва,"Москва, 111558, Москва, Зелёный проспект, 83",Тел.: +74950211387 
214,KFC,KFC Европарк Москва,Москва,"Москва, 121609, Москва, Рублевское шоссе, 62 A",Тел.: +79269010037 
215,KFC,KFC Мариэль Москва,Москва,"Москва, 109652, Москва, ул. Люблинская, д. 169, корп. 2, ТЦ МАРИЭЛЬ",Тел.: +79269018369 
216,KFC,KFC Борисовский Москва,Москва,"Москва, 115563, Москва, Борисовский проезд, вл46А",Тел.: +74950211183 
217,KFC,KFC Рождественка Москва,Москва,"Москва, 107031, Москва, Рождественка, 6/9/20с1",Тел.: +74957254009 
218,KFC,KFC XL Москва,Москва,"Москва, 127486, Москва, Дмитровское шоссе, 89","Тел.: +74952408424 доб.: 6622, 9622"
219,KFC,KFC Ладья Москва,Москва,"Москва, 125368, Москва, Дубравная, 34/29",Тел.: +79269006722 
220,KFC,KFC Круг Москва,Москва,"Москва, 117216, Москва, Старокачаловская, 5А",Тел.: +79366669673 
221,KFC,KFC Кржижановского Москва,Москва,"Москва, 117218, Москва, Кржижановского, 18к3",Тел.: +79299356792 
222,KFC,KFC Кировоградский Москва,Москва,"Москва, 117519, Москва, Кировоградская, 24А",Тел.: +74951063406 
223,KFC,KFC Нора Москва,Москва,"Москва, 115533, Москва, проспект Андропова, 22",Тел.: +74950235635 
224,KFC,KFC Тиара Москва,Москва,"Москва, 119607, Москва, Мичуринский проспект, вл27",Тел.: +74995860565 
225,KFC,KFC Северный рынок Москва,Москва,"Москва, 129281, Москва, ул. Летчика Бабушкина, д. 30, стр.1",Тел.: +74951980931 
226,KFC,KFC Дискавери Ховрино Москва,Москва,"Москва, 125475, Москва, г. Москва, ул. Дыбенко, вл. 7/1",Тел.: +79250011989 
227,KFC,KFC Косино-Парк Москва,Москва,"Москва, 111675, Москва, Святоозёрская, 1А",Тел.: +74952408424 доб.: 6561
228,KFC,KFC Отрадное Москва,Москва,"Москва, 127562, Москва, Декабристов, 12",Тел.: +79259543642 
229,KFC,KFC Витте Молл Москва,Москва,"Москва, 117042, Москва, Венёвская, 6",Тел.: +79636304973 
230,KFC,KFC Сущевский вал Москва,Москва,"Москва, 127521, Москва, Сущёвский Вал, 59",Тел.: +74950211522 
231,KFC,KFC РИО Ленинский Москва,Москва,"Москва, 119421, Москва, Ленинский проспект, 109",Тел.: +79636308219 
232,KFC,KFC Нагатинская Москва,Москва,"Москва, 117105, Москва, Варшавское шоссе, 26c5,7,8","Тел.: +74952408424 доб.: 6156, 9156"
233,KFC,KFC Бабушкинская Москва,Москва,"Москва, 129281, Москва, Менжинского, 32",Тел.: +79296310034 
234,KFC,KFC Сходненская Москва,Москва,"Москва, 125480, Москва, Героев Панфиловцев, 1А",Тел.: +74957254099 
235,KFC,KFC Краснобогатырская Москва,Москва,"Москва, 107564, Москва, Краснобогатырская, д. 13",Тел.: +79299160432 
236,KFC,KFC Зеленоград Москва,Москва,"Москва, 124482, Москва, площадь Юности, 2с1",Тел.: +79269003595 
237,KFC,KFC Галеон Москва,Москва,"Москва, 117513, Москва, пр. Ленинский, д. 123В",Тел.: +79636300385 
238,KFC,KFC Южная Москва,Москва,"Москва, 117587, Москва, Кировоградская, 14",Тел.: +79269008252 
239,KFC,KFC Рассвет Москва,Москва,"Москва, 125130, Москва, Зои и Александра Космодемьянских, д.23",Тел.: +74951980942 
240,KFC,KFC Павелецкий Москва,Москва,"Москва, 115114, Москва, Павелецкая площадь, 1",Тел.: +79636300416 
241,KFC,KFC Казанский вход у метро,Москва,"Москва, 107140, Москва, Комсомольская площадь, 2",Тел.: +79636300451 
242,KFC,KFC Ходынский Москва,Москва,"Москва, 125167, Москва, Ходынский бульвар, 2",Тел.: +79636304578 
243,KFC,KFC Измайловский вал Москва,Москва,"Москва, 105318, Москва, Измайловский Вал, 2",Тел.: +74957252686 
244,KFC,KFC Афимолл Москва,Москва,"Москва, 123317, Москва, Пресненская набережная, 2",Тел.: +74993806294 
245,KFC,KFC Маяковская Москва,Москва,"Москва, 127006, Москва, 1-я Тверская-Ямская, 2с1","Тел.: +74952120000 доб.: 5002, 5001"
246,KFC,KFC Тульская Москва,Москва,"Москва, 115191, Москва, Большая Тульская, 13",Тел.: +74993468137 
247,KFC,KFC Авто Ленинградское шоссе 71Бс2,Москва,"Москва, 125445, Москва, Ленинградское шоссе, 71Бс2",Тел.: +79636308624 
248,KFC,KFC РИО Юго-Западная Москва,Москва,"Москва, 119571, Москва, проспект Вернадского, 86А",Тел.: +74951980916 
249,KFC,KFC Клен Москва,Москва,"Москва, 129281, Москва, Староватутинский проезд, 14",Тел.: +74999482805 
250,BurgerKing,6,Москва,"пл Киевского вокзала 2, ТЦ Европейский 4 этаж",No data
251,BurgerKing,7,Москва,"ш Ленинградское 16А стр 4, ТЦ Метрополис 3 этаж",No data
252,BurgerKing,8,Москва,"просп Мира 211, ТЦ Европолис Ростокино 2 этаж",No data
253,BurgerKing,9,Москва,ТЦ Мега Теплый Стан,No data
254,BurgerKing,10,Москва,"ул Шереметьевская 20, ТЦ Капитолий Марьина Роща 3 этаж",No data
255,BurgerKing,11,Москва,"просп Вернадского 6, ТЦ Капитолий Вернадского 3 этаж",No data
256,BurgerKing,19,Москва,"ул Земляной Вал 33, ТЦ Атриум 4 этаж",No data
257,BurgerKing,20,Москва,"наб Пресненская 2, ТЦ Афимол Сити 4 этаж",No data
258,BurgerKing,21,Москва,ул Красная Пресня 4,No data
259,BurgerKing,22,Москва,"ул Маршала Бирюзова 32, ТЦ 5 Авеню 3 этаж",No data
260,BurgerKing,27,Москва,ул Барклая 10,No data
261,BurgerKing,31,Москва,"ул Профсоюзная 61, ТЦ Калужский 2 этаж",No data
262,BurgerKing,32,Москва,"ул Фестивальная 2Б, ТЦ Речной 3 этаж",No data
263,BurgerKing,35,Москва,"ул Люблинская 153, ТЦ Л-153 2 этаж",No data
264,BurgerKing,36,Москва,"пл Манежная 1 стр 2, ТЦ Охотный ряд -3 этаж",No data
265,BurgerKing,40,Москва,ТЦ Мега Белая Дача,No data
266,BurgerKing,43,Москва,ш Ярославское 69,No data
267,BurgerKing,46,Москва,"пр Дежнева 21, ТЦ Эгомолл 2 этаж",No data
268,BurgerKing,47,Москва,"ул Сущевский Вал 31 стр 1, ТЦ Оливье 1 этаж",No data
269,BurgerKing,48,Москва,ул Ленинская Слобода 17/2 стр 1,No data
270,BurgerKing,49,Москва,"просп Новоясеневский 11, ТЦ FORT Ясенево 2 этаж",No data
271,BurgerKing,51,Москва,"ул Бол Черёмушкинская 1, ТЦ РИО 3 этаж",No data
272,BurgerKing,52,Москва,"ул Дубравная 34/29, ТЦ Ладья 2 этаж",No data
273,BurgerKing,54,Москва,ул Садово-Кудринская 3А,No data
274,BurgerKing,57,Москва,"пересечение МКАД / ш Каширское, ТЦ Вегас 2 этаж",No data
275,BurgerKing,60,Москва,"просп Новоясеневский 1, ТЦ Спектр 2 этаж",No data
276,BurgerKing,61,Москва,"МКАД 28 км стр 2В, АЗС Лукойл",No data
277,BurgerKing,63,Москва,"ул Цветной Бульвар 13, Цирк Никулина",No data
278,BurgerKing,64,Москва,"пр Багратионовский 5, ТЦ Филион 3 этаж",No data
279,BurgerKing,65,Москва,"Зеленоград просп Панфиловский 6А, ТЦ Панфиловский 2 этаж",No data
280,BurgerKing,66,Москва,"ул Планерная 7, ТПУ Планерная",No data
281,BurgerKing,68,Москва,"ул Верхняя Красносельская 3А, ТЦ Тройка 3 этаж",No data
282,BurgerKing,72,Москва,"Аэропорт Внуково, Внутренние линии gate 8-17, «чистая» зона 3 этаж",No data
283,BurgerKing,75,Москва,"ул Перерва 43/1, ТЦ Бум 2 этаж",No data
284,BurgerKing,76,Москва,"ул Профсоюзная 129А, ТЦ Принц Плаза 4 этаж",No data
285,BurgerKing,80,Москва,"ул Вавилова 3, ТЦ Гагаринский 3 этаж",No data
286,BurgerKing,83,Москва,"ул Сходненская 56, ТЦ Калейдоскоп 4 этаж",No data
287,BurgerKing,85,Москва,"ул Кустанайская 6, ТЦ Столица",No data
288,BurgerKing,86,Москва,"ул Правобережная 1Б, ТЦ Капитолий Ленинградский 2 этаж",No data
289,BurgerKing,89,Москва,"бул Ореховый 14 корп 3, ТЦ Домодедовский 3 этаж",No data
290,BurgerKing,91,Москва,"ул Профсоюзная 126 корп 2, ТЦ Коньково-Пассаж",No data
291,BurgerKing,97,Москва,ул Большая Полянка 28 корп 1,No data
292,BurgerKing,98,Москва,"ш Дмитровское 163А копр 1, ТЦ РИО 2 этаж",No data
293,BurgerKing,110,Москва,ул Измайловский Вал 2,No data
294,BurgerKing,113,Москва,"Аэропорт Домодедово, «грязная» зона 2 этаж",No data
295,BurgerKing,114,Москва,"Аэропорт Внуково, Международные линии gate 18-31, «чистая» зона 3 этаж",No data
296,BurgerKing,118,Москва,"ул Шереметьевская 6, ТЦ Райкин Плаза 4 этаж",No data
297,BurgerKing,119,Москва,"ш Каширское 14, ТЦ Гудзон 3 этаж",No data
298,BurgerKing,125,Москва,"ш Варшавское 158, ТЦ Атлантис 1 этаж",No data
299,BurgerKing,126,Москва,ул Люблинская 92 корп 2,No data
300,BurgerKing,132,Москва,ул Большая Тульская 2,No data
301,BurgerKing,143,Москва,ул Первомайская 42,No data
302,BurgerKing,157,Москва,"просп Балаклавский 5А, ТЦ Штаер",No data
303,BurgerKing,159,Москва,"ш Щелковское д 100, ТЦ Щелково 3 этаж",No data
304,BurgerKing,160,Москва,"МКАД 56 км, ТЦ Вегас Кунцево 2 этаж",No data
305,BurgerKing,161,Москва,"ш Варшавское 95 корп 1, ТЦ Аэробус 1 этаж",No data
306,BurgerKing,165,Москва,"просп Рязанский 2, ТЦ Город 2 этаж",No data
307,BurgerKing,172,Москва,ул Малая Филевская 13,No data
308,BurgerKing,183,Москва,"просп Вернадского 14А, ТЦ Обувь-Сити 1 этаж",No data
309,BurgerKing,197,Москва,"просп Зеленый 62Д, ТЦ Шангал",No data
310,BurgerKing,213,Москва,"МКАД 60 км вл 4, БЦ Колизей",No data
311,BurgerKing,214,Москва,"ул 7-я Кожуховская 9, ТЦ Мозаика 3 этаж",No data
312,BurgerKing,215,Москва,"ш Варшавское 140, ТЦ Коламбус 3 этаж",No data
313,BurgerKing,231,Москва,"ул Краснодарская 51 корп 2, ТЦ Люблинский Пассаж",No data
314,BurgerKing,239,Москва,"пр Локомотивный 4, ТЦ Парус 3 этаж",No data
315,BurgerKing,244,Москва,"ул Енисейская 19 корп 1, ТЦ Радужный 3 этаж",No data
316,BurgerKing,250,Москва,"ул Бауманская 32 стр 2, ТЦ Елоховский Пассаж",No data
317,BurgerKing,252,Москва,"ул Ярцевская 19, ТЦ Кунцево Плаза 4 этаж",No data
318,BurgerKing,261,Москва,"ш Измайловское 69Д, ТЦ Альбатрос",No data
319,BurgerKing,269,Москва,пл Сокольническая 9А,No data
320,BurgerKing,275,Москва,"ш Дмитровское 89, ТЦ XL 2 этаж",No data
321,BurgerKing,285,Москва,ул Воздвиженка 9 стр 2,No data
322,BurgerKing,286,Москва,ш Боровское 51 стр 1,No data
323,BurgerKing,291,Москва,"просп Мичуринский Олимпийская деревня 3 корп 1, ТЦ Фестиваль 3 этаж",No data
324,BurgerKing,297,Москва,"ул Профсоюзная 56, ТЦ Черемушки 4 этаж",No data
325,BurgerKing,300,Москва,"ул Поречная 10, ТЦ Мари 4 этаж",No data
326,BurgerKing,307,Москва,"пр Театральный 5, ТЦ Центральный Детский Мир 6 этаж",No data
327,BurgerKing,313,Москва,ул 9-я Парковая 68,No data
328,BurgerKing,317,Москва,"ул Профсоюзная 102 стр 1, ТЦ Ареал",No data
329,BurgerKing,320,Москва,"ш Ленинградское 18 км, ТЦ Зеленопарк 1 этаж",No data
330,BurgerKing,321,Москва,"ул Автозаводская 18, ТЦ Ривьера 4 этаж",No data
331,BurgerKing,323,Москва,ул Земляной Вал 26 стр 1,No data
332,BurgerKing,325,Москва,бул Зубовский 17 стр 1,No data
333,BurgerKing,326,Москва,"ул Щукинская 42, ТЦ Щука 4 этаж",No data
334,BurgerKing,327,Москва,"просп Вернадского 86Б стр 1, ТЦ Альмирал 2 этаж",No data
335,BurgerKing,333,Москва,ул Лухмановская 2,No data
336,BurgerKing,335,Москва,"просп Мира 92, ТЦ Крестовский",No data
337,BurgerKing,338,Москва,ул Митинская 53,No data
338,BurgerKing,339,Москва,"пр Сигнальный 17, ТЦ Ашан 1 этаж",No data
339,BurgerKing,340,Москва,"ш Бесединское 15, ТЦ Ашан 1 этаж",No data
340,BurgerKing,341,Москва,"ул Поляны 8, ТЦ Вива 2 этаж",No data
341,BurgerKing,342,Москва,"ул Бартеневская 12, ТЦ Карусель",No data
342,BurgerKing,346,Москва,"ул Широкая 13А, ТЦ Медведковский",No data
343,BurgerKing,347,Москва,"бул Строгинский 1, ТЦ Дарья",No data
344,BurgerKing,348,Москва,"ул Люблинская 169 корп 2, ТЦ Мариэль 3 этаж",No data
345,BurgerKing,349,Москва,"ш Головинское 5, ТЦ Водный 3 этаж",No data
346,BurgerKing,352,Москва,"ш Алтуфьевское 8, ТЦ Алтуфьевский 3 этаж",No data
347,BurgerKing,357,Москва,"ул Бирюлевская 51, ТЦ Перекресток",No data
348,BurgerKing,358,Москва,"просп Кутузовский 57, ТЦ Океания 3 этаж",No data
349,BurgerKing,359,Москва,"ш Хорошевское 27, ТЦ Хорошо 4 этаж",No data
350,BurgerKing,374,Москва,ул Маршала Катукова 23,No data
351,BurgerKing,379,Москва,"ул Декабристов 12, ТЦ FORT Отрадное 2 этаж",No data
352,BurgerKing,386,Москва,"ул Азовская 24 корп 3, ТЦ Азовский 3 этаж",No data
353,BurgerKing,389,Москва,ш Боровское 2,No data
354,BurgerKing,392,Москва,пл Преображенская 6,No data
355,BurgerKing,396,Москва,ш Варшавское 153,No data
356,BurgerKing,397,Москва,ул 1-я Останкинская 57,No data
357,BurgerKing,398,Москва,"ул Святоозерская 1А, ТЦ Косино Парк 2 этаж",No data
358,BurgerKing,405,Москва,"просп Андропова 22, ТЦ Нора 3 этаж",No data
359,BurgerKing,406,Москва,"ш Варшавское 87Б, ТЦ Варшавский 3 этаж",No data
360,BurgerKing,418,Москва,"ш Боровское 6, ТЦ Солнечный 2 этаж",No data
361,BurgerKing,419,Москва,ул Литовский бульвар 22,No data
362,BurgerKing,430,Москва,"просп Лермонтовский 19 корп 1, ТЦ Феникс",No data
363,BurgerKing,435,Москва,"мкр Северное Чертаново 1А, ТЦ Авентура 2 этаж",No data
364,BurgerKing,443,Москва,"просп Ленинградский 76А, ТЦ Метромаркет 3 этаж",No data
365,BurgerKing,454,Москва,"ул Пришвина 26, ТЦ Миллион Мелочей",No data
366,BurgerKing,459,Москва,ул Кадырова 1,No data
367,BurgerKing,460,Москва,"пр Огородный 10 стр 2,  ТЦ Зеленый",No data
368,BurgerKing,462,Москва,"ул Красного Маяка д 2Б , ТЦ Коламбус",No data
369,BurgerKing,465,Москва,"ул Кировоградская 14, ТЦ Глобал Сити 2 этаж",No data
370,BurgerKing,470,Москва,ш Каширское 23 км 6А,No data
371,BurgerKing,476,Москва,просп Мира 39 стр 2,No data
372,BurgerKing,482,Москва,Таганская 2,No data
373,BurgerKing,483,Москва,"ул Сущевский вал 5 стр 8, ТЦ Савеловский",No data
374,BurgerKing,490,Москва,"ул Вешняковская 18, ТЦ Вешняки 4 этаж",No data
375,BurgerKing,495,Москва,пер Панкратьевский 2,No data
376,BurgerKing,500,Москва,"просп Андропова 8, ТЦ Мегаполис 3 этаж",No data
377,BurgerKing,513,Москва,ул Бутырская 6,No data
378,BurgerKing,577,Москва,"ул Кировоградская 9 корп 4, ТЦ Южный",No data
379,BurgerKing,580,Москва,Открытое ш 5 стр 14,No data
380,BurgerKing,581,Москва,ТЦ Мега Белая Дача 2,No data
381,BurgerKing,586,Москва,ул Народного Ополчения 47 к 1,No data
382,BurgerKing,587,Москва,"ш Каширское 61Г, ТЦ Каширская Плаза 4 этаж",No data
383,BurgerKing,604,Москва,ул Лобачевского 19,No data
384,BurgerKing,617,Москва,"ш Дмитровское 73, ТЦ Метромолл 2 этаж",No data
385,BurgerKing,618,Москва,ул Покровская 20,No data
386,BurgerKing,627,Москва,ул Большая Серпуховская 6/5,No data
387,BurgerKing,631,Москва,ул Елецкая 15,No data
388,BurgerKing,677,Москва,"пл Тверская Застава 7с1, Белорусский вокзал",No data
389,BurgerKing,678,Москва,"пл Павелецкая 1А, Павелецкий вокзал",No data
390,BurgerKing,679,Москва,пл Комсомольская 2А,No data
391,BurgerKing,685,Москва,"ул Адмирала Макарова 6 стр 13, ТЦ Невский причал",No data
392,BurgerKing,709,Москва,пр 1-й Угрешский 11,No data
393,BurgerKing,712,Москва,просп Зеленый 79А,No data
394,BurgerKing,715,Москва,ш Дмитровское 13А,No data
395,BurgerKing,717,Москва,"ул Авиаконструктора Миля вл 7, ТЦ МИЛЯ 3 этаж",No data
396,BurgerKing,718,Москва,"ул Удальцова 42, ТЦ Перекресток",No data
397,BurgerKing,758,Москва,"ул Новопетровская 6, ТЦ Петровский 3 этаж",No data
398,BurgerKing,788,Москва,"ш Энтузиастов 12 корп 2, ТЦ Город-Лефортово 3 этаж",No data
399,BurgerKing,817,Москва,"просп Ленинский вл 123 корп 1, ТЦ Галеон 2 этаж",No data
400,BurgerKing,834,Москва,ул Волжский бульвар 113А корп 1,No data
401,BurgerKing,835,Москва,"ул Тушинская 17, ТЦ Праздник 3 этаж",No data
402,BurgerKing,847,Москва,"Комсомольская площадь 5 стр 1, Ярославский вокзал",No data
403,BurgerKing,855,Москва,"бул Кронштадтский 3а, ТЦ Гавань 2 этаж",No data
404,BurgerKing,859,Москва,"Аэропорт Домодедово, терминал Т1 «грязная» зона 1 этаж",No data
405,BurgerKing,899,Москва,"просп Севастопольский 11Е, ТЦ Капитолий 3 этаж",No data
406,BurgerKing,900,Москва,"ш Аминьевское 6, ТЦ Квартал W 4 этаж",No data
407,BurgerKing,921,Москва,"ул Старокачаловская 5А, ТЦ Круг 2 этаж",No data
408,BurgerKing,949,Москва,"ул Орджоникидзе 11, Дисконт-Центр 1 этаж",No data
409,BurgerKing,989,Москва,"ш Измайловское 71А, ТЦ АСТ 3 этаж",No data
410,BurgerKing,995,Москва,"бул Ореховый 45, ТЦ Орех",No data
411,BurgerKing,1020,Москва,"просп Ленинградский 36, ТЦ Арена Плаза 1 этаж",No data
412,BurgerKing,1094,Москва,бул Страстной 6,No data
413,BurgerKing,1095,Москва,ул Авиамоторная 41Б,No data
414,BurgerKing,1098,Москва,внутренняя сторона МКАД 33 км вл 6,No data
415,BurgerKing,1104,Москва,"Аэропорт Домодедово, терминал Т1 «чистая» зона 2 этаж",No data
416,BurgerKing,1196,Москва,ул Федосьино 12,No data
417,BurgerKing,1215,Москва,"Павелецкая площадь Литер А, ТЦ Павелецкая Плаза 2 этаж",No data
418,BurgerKing,1289,Москва,"ул Каховка 29А, ТЦ Прайм Плаза 4 этаж",No data
419,BurgerKing,1301,Москва,"ш Алтуфьевское 70 корп 1, ТЦ Маркос Молл 3 этаж",No data
420,BurgerKing,1306,Москва,"ул Снежная 27, ТЦ Свиблово 3 этаж",No data
421,BurgerKing,1307,Москва,"МКАД 87 км 8, ТЦ ЧАС ПИК 3 этаж",No data
422,BurgerKing,1331,Москва,"ул Миклухо-Маклая 32А, ТЦ Капитолий 2 этаж",No data
423,BurgerKing,1347,Москва,"ул Большая Грузинская 1 стр 1, Московский Зоопарк",No data
424,Вкусно — и точка,Ex.McDonalds,Москва,"ул Большая Бронная, дом 29",+7 495 694-58-96
425,Вкусно — и точка,Ex.McDonalds,Москва,"ул Большая Ордынка, дом 21, строение 2",+7 495 755-59-78
426,Вкусно — и точка,Ex.McDonalds,Москва,"ш Дмитровское, дом 89Б, строение 1",+7 499 487-83-61
427,Вкусно — и точка,Ex.McDonalds,Москва,"ул Большая Серпуховская, дом 4/3",+7 499 236-70-77
428,Вкусно — и точка,Ex.McDonalds,Москва,"ул Большая Семёновская, дом 26",+7 499 369-29-67
429,Вкусно — и точка,Ex.McDonalds,Москва,"пр-кт Рязанский, дом 32, корпус 2",+7 495 919-11-21
430,Вкусно — и точка,Ex.McDonalds,Москва,"ул Венёвская, дом 4",+7 499 743-49-45
431,Вкусно — и точка,Ex.McDonalds,"Москва, нп Ж/к Дубровка","ул Сосновая, дом 2",+7 495 225-37-83
432,Вкусно — и точка,Ex.McDonalds,Москва,"ш Каширское, дом 61/15",+7 495 393-99-22
433,Вкусно — и точка,Ex.McDonalds,Москва,"пр-кт Волгоградский, дом 24, строение 2",+7 495 676-38-25
434,Вкусно — и точка,Ex.McDonalds,Москва,"ул Покрышкина, дом 2",+7 495 785-14-22
435,Вкусно — и точка,Ex.McDonalds,Москва,"пр-кт Свободный, дом 35Б",+7 495 603-38-90
436,Вкусно — и точка,Ex.McDonalds,"Москва, Зеленоград","пр-кт Панфиловский, дом 2",+7 499 734-33-09
437,Вкусно — и точка,Ex.McDonalds,Москва,"ш Щёлковское, дом 2/1, строение 1",+7 499 166-13-95
438,Вкусно — и точка,Ex.McDonalds,Москва,"ш Можайское, дом 43/1, строение 2",+7 495 448-95-16
439,Вкусно — и точка,Ex.McDonalds,Москва,"ш Хорошёвское, дом 35А, строение 1",+7 495 705-98-06
440,Вкусно — и точка,Ex.McDonalds,Москва,"ул Лескова, дом 1",+7 499 908-99-94
441,Вкусно — и точка,Ex.McDonalds,Москва,"ш Каширское, дом 12А",+7 499 553-81-44
442,Вкусно — и точка,Ex.McDonalds,Москва,"пр-кт Маршала Жукова, дом 31, корпус 2",+7 499 191-28-17
443,Вкусно — и точка,Ex.McDonalds,Москва,"ул Арбат, дом 52, строение 1",+7 499 241-36-81
444,Вкусно — и точка,Ex.McDonalds,Москва,"ул Зеленодольская, дом 38",+7 499 742-02-00
445,Вкусно — и точка,Ex.McDonalds,Москва,"ул Русаковская, дом 26",+7 499 268-16-35
446,Вкусно — и точка,Ex.McDonalds,Москва,"ул Бутырская, дом 77, строение 2",+7 499 977-42-11
447,Вкусно — и точка,Ex.McDonalds,Москва,"пр-кт Мира, дом 39А",+7 495 755-60-91
448,Вкусно — и точка,Ex.McDonalds,Москва,"б-р Ходынский, дом 4",+7 495 587-07-03
449,Вкусно — и точка,Ex.McDonalds,Москва,"ул Люблинская, дом 165, корпус 1а",+7 495 346-01-58
450,Вкусно — и точка,Ex.McDonalds,Москва,"ул Грина, дом 5А",+7 495 713-22-90
451,Вкусно — и точка,Ex.McDonalds,Москва,"ул Маршала Катукова, дом 19",+7 495 756-37-51
452,Вкусно — и точка,Ex.McDonalds,Москва,"ул Митинская, дом 40, корпус 3",+7 495 794-04-66
453,Вкусно — и точка,Ex.McDonalds,Москва,"ул Матвеевская, дом 9",+7 495 449-11-62
454,Вкусно — и точка,Ex.McDonalds,Москва,"ул Красная Пресня, дом 31",+7 495 755-68-03
455,Вкусно — и точка,Ex.McDonalds,Москва,"пр-кт Ленинский, дом 111/2",+7 495 935-67-70
456,Вкусно — и точка,Ex.McDonalds,Москва,"ул Милашенкова, дом 4Д",+7 495 639-87-89
457,Вкусно — и точка,Ex.McDonalds,Москва,"ш Ленинградское, дом 63, корпус 1",+7 495 451-91-93
458,Вкусно — и точка,Ex.McDonalds,"Москва, д Десна","ул Рябиновая, дом 15, строение 1",+7 495 981-27-96
459,Вкусно — и точка,Ex.McDonalds,Москва,"ш Боровское, дом 38",+7 495 731-23-29
460,Вкусно — и точка,Ex.McDonalds,Москва,"ул Большая Дорогомиловская, дом 8А",+7 495 258-67-80
461,Вкусно — и точка,Ex.McDonalds,Москва,"проезд Коломенский, дом 7Б",+7 499 612-61-85
462,Вкусно — и точка,Ex.McDonalds,Москва,"пл Манежная, дом 1, строение 2",+7 495 737-83-91
463,Вкусно — и точка,Ex.McDonalds,Москва,"ш Ярославское, владение 3, строение 1",+7 499 188-97-49
464,Вкусно — и точка,Ex.McDonalds,Москва,"пр-кт Мира, дом 119, строение 547",+7 495 544-34-19
465,Вкусно — и точка,Ex.McDonalds,Москва,"пр-кт Мира, дом 119, строение 547",+7 495 544-34-19
466,Вкусно — и точка,Ex.McDonalds,"Московская обл, Мытищи","ш Ярославское, дом 101",+7 495 583-56-64
467,Вкусно — и точка,Ex.McDonalds,Московская обл,"ш Можайское, дом 133",+7 495 596-92-72
468,Вкусно — и точка,Ex.McDonalds,"Московская обл, Красногорск","ул Ленина, дом 16",+7 495 563-89-31
469,Вкусно — и точка,Ex.McDonalds,Московская обл,"ул Первомайская, дом 2",+7 496 245-82-15
470,Вкусно — и точка,Ex.McDonalds,"Московская обл, Балашиха","ш Энтузиастов, дом 32А",+7 495 521-78-98
471,Вкусно — и точка,Ex.McDonalds,"Московская обл, Химки","ш Ленинградское, владение 30А",+7 499 530-81-94
472,Вкусно — и точка,Ex.McDonalds,Московская обл,"пр-кт Красной Армии, дом 164",+7 496 547-35-27
473,Вкусно — и точка,Ex.McDonalds,"Московская обл, Подольск","пр-кт Ленина, дом 128/24",+7 496 769-33-69
474,Вкусно — и точка,Ex.McDonalds,"Московская обл, Пушкино","ш Пушкинское, дом 10",+7 495 993-43-69
475,Вкусно — и точка,Ex.McDonalds,"Московская обл, Коломна","ул Октябрьской революции, дом 246",+7 496 618-59-51
476,Вкусно — и точка,Ex.McDonalds,"Московская обл, Мытищи","ул Коммунистическая, дом 10, корпус 1",+7 495 783-74-79
477,Вкусно — и точка,Ex.McDonalds,"Московская обл, Солнечногорск","ул Красная, дом 118",+7 496 262-57-90
478,Вкусно — и точка,Ex.McDonalds,"Московская обл, Раменское","ул Михалевича, дом 3А",+7 496 461-69-79
479,Вкусно — и точка,Ex.McDonalds,Московская обл,"ул Володарского, дом 1",+7 496 344-00-97
480,Вкусно — и точка,Ex.McDonalds,"Московская обл, Реутов","ш Носовихинское, дом 12",+7 495 791-05-78
481,Вкусно — и точка,Ex.McDonalds,"Московская обл, Красногорск","дом 9, строение 1",+7 499 272-76-36
482,Вкусно — и точка,Ex.McDonalds,"Московская обл, Реутов","ул МКАД 3 км, дом 3",+7 498 661-80-02
483,Вкусно — и точка,Ex.McDonalds,"Московская обл, Красногорск","б-р Красногорский, дом 1",+7 495 746-81-30
484,Вкусно — и точка,Ex.McDonalds,"Московская обл, Звенигород","ул Московская, дом 30",+7 495 597-11-95
485,Вкусно — и точка,Ex.McDonalds,"Московская обл, Щёлково","пр-кт Пролетарский, дом 9, корпус 1",+7 496 567-16-42
486,Вкусно — и точка,Ex.McDonalds,"Московская обл, Ступино","ул Пристанционная, дом 1",+7 496 647-09-06
487,Вкусно — и точка,Ex.McDonalds,"Московская обл, Серпухов","ш Московское, владение 55",+7 496 737-15-66
488,Вкусно — и точка,Ex.McDonalds,"Московская обл, рп Селятино",дом 100М,+7 499 940-08-86
489,Вкусно — и точка,Ex.McDonalds,"Московская обл, Пушкино","ул Красноармейское шоссе, строение 91",+7 496 533-63-82
490,Вкусно — и точка,Ex.McDonalds,"Московская обл, Красногорск","ш Путилковское, дом 2, строение 1",+7 499 657-99-02
491,Вкусно — и точка,Ex.McDonalds,"Московская обл, Луховицы","ул Куйбышева, дом 67",+7 496 639-43-30
492,Вкусно — и точка,Ex.McDonalds,"Московская обл, Домодедово","км 43-й, строение 4",+7 495 664-24-42
